{
  "test_rmse": 17.755402078762273,
  "test_mae": 6.856452941894531,
  "training_time_sec": 63.69662717400024,
  "inference_latency_ms_per_sample": 0.011191276000317885,
  "epochs_ran": 65
}