{
  "best_params": {
    "learning_rate": 0.05,
    "max_depth": 4.0,
    "n_estimators": 100.0
  },
  "test_rmse": 6.916972864233188,
  "test_mae": 1.2412083647031094,
  "test_r2": 0.9741519854524843,
  "training_time_sec": 3.94684860399866,
  "inference_latency_ms_per_sample": 0.0028390459992806427,
  "cv_best_score_neg_mse": -30.059721355230185
}